condition,network1,network2,t_statistic,p_value,mean_diff,mean_corr_net1,mean_corr_net2
five_general,languageLH,visual,-0.719241625392455,0.4830478239323742,-0.00998724478142525,0.051475948591034604,0.061463193372459854
one_distinct,languageLH,visual,1.4440084576772447,0.16929848340214615,0.012325549510367849,0.007922072687353851,-0.004403476823013997
one_word,languageLH,visual,-0.5309187526031628,0.6032480399967051,-0.007567148824894308,0.04548797718017249,0.053055126005066795
five_distinct,languageLH,visual,0.6176765387249464,0.5460524372762219,0.006666692500688513,0.025725053708471342,0.01905836120778283
one_general,languageLH,visual,0.19991648015437066,0.8442309345695951,0.0028456855780443213,0.03636813054976594,0.03352244497172162
